#benjamin;Ffgghj;3;ok#
#benjamin;Ffgghj;4;vig-ok#
#benjamin;Ffgghj;5;vig-ok#
#benjamin;Ffgghj;6;vig-ok#
#benjamin;Ffgghj;6;ok#
#benjamin;Ffgghj;7;Aegjgfdfhcgghggffffff
#
#benjamin;Ffgghj;7;ok#
#benjamin;Ffgghj;8;vig-fdfdfdfdfdf#
#benjamin;Ffgghj;9;pro-fdfdcsroibproblem#
#benjamin;Ffgghj;9;ok#
#benjamin;Ffgghj;10;ok#
#benjamin;Ffgghj;11;vig-vighjklhjklhjkh
hkhljlk#
#benjamin;Ffgghj;12;pro-fdfdfdprob
dskjhkjsproblem#
#benjamin;Ffgghj;13;ok#
#benjamin;Ffgghj;14;ok#
#benjamin;Ffgghj;15;ok#
#benjamin;CRM-CA-CF;28;ok#
#benjamin;CRM-CA-CF;29;ok#
#benjamin;CRM-CA-CF;0;vig-attente je fais des heures supp#
#benjamin;Crm;28;ok#
#benjamin;Crm;29;vig-rerere#
#benjamin;Crm;30;pro-pb dequilibre#
#benjamin;XRM;0;ok#
#benjamin;XRM;1;ok#
